date,real_gdp,cpi,policy_rate,baa_treasury_spread,gdp_growth,inflation,target_next_growth
1961-01-01,3493.703,29.84,2.0033333333333334,1.2766666666666666,2.6909996853525797,0.8050992318789696,6.7344089130905616
1961-04-01,3553.021,29.83,1.7333333333333334,1.2266666666666666,6.7344089130905616,-0.1340707235613081,7.608637950862374
1961-07-01,3621.252,29.94666666666667,1.6833333333333333,1.1266666666666667,7.608637950862374,1.5613692941684576,7.770707414716327
1961-10-01,3692.289,29.99,2.4,1.14,7.770707414716327,0.5783883995357897,7.071770337623207
1962-01-01,3758.147,30.106666666666666,2.4566666666666666,1.0466666666666666,7.071770337623207,1.5530553649517387,3.602744036864891
1962-04-01,3792.149,30.22,2.606666666666667,1.14,3.602744036864891,1.5029302685185542,4.888275567318345
1962-07-01,3838.776,30.30666666666667,2.8466666666666662,1.0566666666666666,4.888275567318345,1.1455013886557452,1.315442129373423
1962-10-01,3851.421,30.38,2.9233333333333333,1.0533333333333335,1.315442129373423,0.966714740557606,4.3446807291850575
1963-01-01,3893.482,30.47666666666667,2.966666666666667,1.0,4.3446807291850575,1.2707465362394643,4.464648015941464
1963-04-01,3937.183,30.53333333333333,2.9633333333333334,0.89,4.464648015941464,0.7430478014997632,8.70002131109402
1963-07-01,4023.755,30.72,3.33,0.8033333333333333,8.70002131109402,2.437970106998577,2.615052201603163
1963-10-01,4050.147,30.80333333333333,3.453333333333333,0.7200000000000001,2.615052201603163,1.083600380947125,8.347151669722308
1964-01-01,4135.553,30.930000000000003,3.4633333333333334,0.65,8.347151669722308,1.6414709860557153,4.332722948976198
1964-04-01,4180.592,30.98,3.49,0.65,4.332722948976198,0.6460993166976792,6.202074999144003
1964-07-01,4245.918,31.05,3.456666666666667,0.63,6.202074999144003,0.902789356306144,1.2348562958102605
1964-10-01,4259.046,31.19333333333333,3.5766666666666667,0.6366666666666667,1.2348562958102605,1.8422353561890148,9.564369183250676
1965-01-01,4362.111,31.290000000000003,3.9766666666666666,0.5833333333333334,9.564369183250676,1.2376643643321472,5.022222548175392
1965-04-01,4417.225,31.49,4.079999999999999,0.6133333333333333,5.022222548175392,2.5485909728569567,8.79523406872309
1965-07-01,4515.427,31.583333333333332,4.076666666666667,0.6433333333333334,8.79523406872309,1.1838080725970812,9.111050461486059
1965-10-01,4619.458,31.75,4.166666666666667,0.49333333333333335,9.111050461486059,2.1052680177099603,9.61875800108487
1966-01-01,4731.888,32.04666666666666,4.56,0.39666666666666667,9.61875800108487,3.7201793836015185,1.363555117326598
1966-04-01,4748.046,32.336666666666666,4.913333333333333,0.71,1.363555117326598,3.6034414029511908,3.373068235302412
1966-07-01,4788.254,32.61666666666667,5.41,0.7266666666666667,3.373068235302412,3.4486511475572357,3.2682256540745414
1966-10-01,4827.537,32.88333333333333,5.5633333333333335,1.1333333333333335,3.2682256540745414,3.257015450615519,3.527572719993799
1967-01-01,4870.299,32.96666666666667,4.823333333333333,1.2966666666666666,3.527572719993799,1.0124024640168372,0.24533062826463947
1967-04-01,4873.287,33.166666666666664,3.9899999999999998,1.16,0.24533062826463947,2.419362214352283,3.7665150191052987
1967-07-01,4919.392,33.5,3.893333333333333,1.0833333333333333,3.7665150191052987,4.000033333833386,3.004104190667789
1967-10-01,4956.477,33.86666666666667,4.173333333333333,1.08,3.004104190667789,4.354323058100462,8.075025352778908
1968-01-01,5057.553,34.199999999999996,4.79,1.22,8.075025352778908,3.9177590369149584,6.626302827451269
1968-04-01,5142.033,34.53333333333333,5.983333333333333,1.28,6.626302827451269,3.879758835485525,3.086138255497417
1968-07-01,5181.859,35.0,5.946666666666666,1.4033333333333333,3.086138255497417,5.369208132856151,1.568019021696898
1968-10-01,5202.212,35.43333333333333,5.916666666666667,1.2566666666666666,1.568019021696898,4.921974076151514,6.209278408137919
1969-01-01,5283.597,35.86666666666667,6.566666666666666,1.2,6.209278408137919,4.862144951912839,1.2115790260551762
1969-04-01,5299.625,36.43333333333333,8.326666666666666,1.2333333333333334,1.2115790260551762,6.270298981923439,2.631136814059687
1969-07-01,5334.6,36.93333333333333,8.983333333333333,1.06,2.631136814059687,5.452151652276349,-1.9576187351304952
1969-10-01,5308.556,37.5,8.94,1.0766666666666669,-1.9576187351304952,6.090578932516522,-0.5960106701543566
1970-01-01,5300.652,38.1,8.573333333333332,1.39,-0.5960106701543566,6.349339662516051,0.5664723569900332
1970-04-01,5308.164,38.63333333333333,7.886666666666667,1.2633333333333334,0.5664723569900332,5.560471817976342,3.6689911039523793
1970-07-01,5357.077,39.03333333333333,6.706666666666667,1.95,3.6689911039523793,4.120208103186229,-4.30942346463965
1970-10-01,5299.672,39.6,5.566666666666666,2.4233333333333333,-4.30942346463965,5.765254529949182,10.719666073861589
1971-01-01,5443.619,39.93333333333333,3.856666666666667,2.513333333333333,10.719666073861589,3.3529115011218025,2.1574381048573343
1971-04-01,5473.059,40.300000000000004,4.566666666666666,2.36,2.1574381048573343,3.6560287757593457,3.2763326473940424
1971-07-01,5518.072,40.699999999999996,5.476666666666667,2.22,3.2763326473940424,3.950649398364625,0.9383570608775926
1971-10-01,5531.032,41.0,4.75,2.5233333333333334,0.9383570608775926,2.9375897023035336,7.282172009495014
1972-01-01,5632.649,41.333333333333336,3.546666666666667,2.1999999999999997,7.282172009495014,3.238884093047645,8.975688803752035
1972-04-01,5760.47,41.6,4.3,2.08,8.975688803752035,2.5723561321163047,3.758643829450392
1972-07-01,5814.854,41.93333333333333,4.743333333333333,1.8800000000000001,3.758643829450392,3.19235533240505,6.642286891205629
1972-10-01,5912.22,42.36666666666667,5.1466666666666665,1.62,6.642286891205629,4.112333571627325,9.779244713601543
1973-01-01,6058.544,43.03333333333333,6.536666666666666,1.3633333333333333,9.779244713601543,6.245247862875303,4.33143717205553
1973-04-01,6124.506,43.93333333333334,7.816666666666666,1.2866666666666666,4.33143717205553,8.279329686324033,-2.108902897416698
1973-07-01,6092.301,44.800000000000004,10.56,1.26,-2.108902897416698,7.813922408256957,3.779015812473574
1973-10-01,6150.131,45.93333333333334,9.996666666666666,1.6833333333333333,3.779015812473574,9.993172196203659,-3.4536881924509544
1974-01-01,6097.258,47.29999999999999,9.323333333333332,1.49,-3.4536881924509544,11.727690234575405,0.9496598328389894
1974-04-01,6111.751,48.56666666666666,11.25,1.5200000000000002,0.9496598328389894,10.570851614064836,-3.7990939494555676
1974-07-01,6053.978,49.93333333333334,12.089999999999998,1.8466666666666667,-3.7990939494555676,11.100543152784148,-1.556648105128744
1974-10-01,6030.464,51.46666666666667,9.346666666666666,2.9,-1.556648105128744,12.098226603022688,-4.900432919654918
1975-01-01,5957.035,52.56666666666666,6.303333333333334,3.106666666666667,-4.900432919654918,8.459142551326693,2.8486372182065622
1975-04-01,5999.61,53.199999999999996,5.419999999999999,2.58,2.8486372182065622,4.790476418686218,6.790217143386457
1975-07-01,6102.326,54.26666666666667,6.16,2.2866666666666666,6.790217143386457,7.9407074210926964,5.352401073600532
1975-10-01,6184.53,55.26666666666667,5.413333333333334,2.5166666666666666,5.352401073600532,7.303915653101711,8.898160921062015
1976-01-01,6323.649,55.9,4.826666666666667,2.5033333333333334,8.898160921062015,4.557770451187437,2.922791705026384
1976-04-01,6370.025,56.4,5.196666666666666,2.123333333333333,2.922791705026384,3.5619113371840427,2.183659019419082
1976-07-01,6404.895,57.300000000000004,5.283333333333333,1.89,2.183659019419082,6.332586086672265,2.880021203429095
1976-10-01,6451.177,58.13333333333333,4.873333333333334,2.0233333333333334,2.880021203429095,5.775439634430057,4.717010209206052
1977-01-01,6527.703,59.199999999999996,4.66,1.7533333333333332,4.717010209206052,7.272927633276183,7.693235161446665
1977-04-01,6654.466,60.23333333333333,5.156666666666666,1.6266666666666667,7.693235161446665,6.921746816045271,7.148403098157274
1977-07-01,6774.457,61.06666666666666,5.82,1.4733333333333334,7.148403098157274,5.4961018567389885,0.007971039148202408
1977-10-01,6774.592,61.96666666666667,6.513333333333333,1.3466666666666667,0.007971039148202408,5.8521769949472,1.2773269305647261
1978-01-01,6796.26,63.03333333333333,6.756666666666667,1.1866666666666665,1.2773269305647261,6.826832374805392,15.167841769011403
1978-04-01,7058.92,64.46666666666667,7.283333333333334,1.15,15.167841769011403,8.993842941913144,4.002899038963648
1978-07-01,7129.915,65.96666666666667,8.1,1.01,4.002899038963648,9.20050783573032,5.340688777143043
1978-10-01,7225.75,67.5,9.583333333333334,0.9666666666666667,5.340688777143043,9.19121357522954,0.7177309477135907
1979-01-01,7238.727,69.2,10.073333333333332,1.05,0.7177309477135907,9.949305898055982,0.42675342381599535
1979-04-01,7246.454,71.39999999999999,10.18,1.28,0.42675342381599535,12.518802688765618,2.960237918395592
1979-07-01,7300.281,73.7,10.946666666666667,1.29,2.960237918395592,12.68197193990126,0.9989323068019473
1979-10-01,7318.535,76.03333333333335,13.576666666666666,1.37,0.9989323068019473,12.467616570776485,1.2563096561727605
1980-01-01,7341.557,79.03333333333333,15.046666666666667,1.4933333333333334,1.2563096561727605,15.479145512406944,-8.327831932629692
1980-04-01,7190.289,81.7,12.686666666666667,2.8800000000000003,-8.327831932629692,13.273718985082894,-0.47570175224933564
1980-07-01,7181.743,83.23333333333333,9.836666666666666,2.2133333333333334,-0.47570175224933564,7.437562700664202,7.390987394368409
1980-10-01,7315.677,85.56666666666666,15.853333333333333,2.2466666666666666,7.390987394368409,11.059156236546741,7.761890672144034
1981-01-01,7459.022,87.93333333333334,16.569999999999997,2.2866666666666666,7.761890672144034,10.913260962448135,-2.975341260138009
1981-04-01,7403.745,89.76666666666667,17.78,2.02,-2.975341260138009,8.25390381373552,4.761555002768603
1981-07-01,7492.405,92.26666666666667,17.576666666666664,1.63,4.761555002768603,10.987689570384518,-4.382305248093132
1981-10-01,7410.768,93.76666666666667,13.586666666666666,2.5966666666666667,-4.382305248093132,6.450596700918609,-6.263360730763168
1982-01-01,7295.631,94.60000000000001,14.226666666666667,2.7399999999999998,-6.263360730763168,3.5392196920525976,1.8205591765521945
1982-04-01,7328.912,95.96666666666665,14.513333333333334,2.85,1.8205591765521945,5.737373156874881,-1.53199737122236
1982-07-01,7300.896,97.63333333333333,11.006666666666666,3.1333333333333333,-1.53199737122236,6.887222486223266,0.16000314632407253
1982-10-01,7303.817,97.93333333333334,9.286666666666667,3.723333333333333,0.16000314632407253,1.2272039624356523,5.236732349996487
1983-01-01,7400.066,98.0,8.653333333333334,3.27,5.236732349996487,0.27220143956192544,9.000065817965464
1983-04-01,7568.456,99.13333333333333,8.803333333333335,2.706666666666667,9.000065817965464,4.599306674948878,7.916951322731336
1983-07-01,7719.746,100.10000000000001,9.459999999999999,1.8999999999999997,7.916951322731336,3.8815763852923624,8.258879309601497
1983-10-01,7880.794,101.10000000000001,9.43,1.92,8.258879309601497,3.976175882100108,7.743718840227842
1984-01-01,8034.847,102.53333333333335,9.686666666666667,1.8,7.743718840227842,5.631129174781435,6.852022040238381
1984-04-01,8173.67,103.5,10.556666666666667,1.5,6.852022040238381,3.753465496817654,3.837572472394868
1984-07-01,8252.465,104.39999999999999,11.39,1.8433333333333335,3.837572472394868,3.463225097246081,3.2696916876567172
1984-10-01,8320.199,105.3,9.266666666666667,1.8633333333333333,3.2696916876567172,3.4334974765563686,3.8572589264589396
1985-01-01,8400.82,106.26666666666667,8.476666666666667,1.8099999999999998,3.8572589264589396,3.655295643208234,3.50648002994447
1985-04-01,8474.787,107.23333333333333,7.923333333333333,2.2066666666666666,3.50648002994447,3.622194931568501,6.062904149531079
1985-07-01,8604.22,107.89999999999999,7.8999999999999995,2.1333333333333333,6.062904149531079,2.479090674886919,2.962796731476658
1985-10-01,8668.188,109.0,8.103333333333333,2.216666666666667,2.962796731476658,4.057203986021918,3.7176606214451624
1986-01-01,8749.127,109.56666666666666,7.826666666666667,2.4600000000000004,3.7176606214451624,2.0741239091680796,1.7971422180302454
1986-04-01,8788.524,109.03333333333335,6.919999999999999,2.67,1.7971422180302454,-1.9518184503340308,3.8084837814011507
1986-07-01,8872.601,109.7,6.206666666666666,2.873333333333333,3.8084837814011507,2.43828856198256,2.139837666846489
1986-10-01,8920.193,110.46666666666665,6.266666666666667,2.83,2.139837666846489,2.785779617267181,2.9564271974166445
1987-01-01,8986.367,111.8,6.22,2.466666666666667,2.9564271974166445,4.799097758658277,4.2896270082984245
1987-04-01,9083.256,113.06666666666666,6.6499999999999995,2.013333333333333,4.2896270082984245,4.506421811455752,3.4537585332302
1987-07-01,9162.024,114.26666666666667,6.843333333333334,2.03,3.4537585332302,4.222913122350747,6.809534933022832
1987-10-01,9319.332,115.33333333333333,6.916666666666667,2.2566666666666664,6.809534933022832,3.7166353336399283,2.0622051523012885
1988-01-01,9367.502,116.23333333333333,6.663333333333334,2.3366666666666664,2.0622051523012885,3.1092714495525087,5.2218950702098255
1988-04-01,9490.594,117.56666666666666,7.156666666666666,2.07,5.2218950702098255,4.5623534241602925,2.3370380819102365
1988-07-01,9546.206,119.0,7.983333333333333,1.9733333333333334,2.3370380819102365,4.847177815053172,5.294627749614023
1988-10-01,9673.405,120.3,8.47,1.5566666666666666,5.294627749614023,4.346051947641527,4.045057570484545
1989-01-01,9771.725,121.66666666666667,9.443333333333333,1.4366666666666668,4.045057570484545,4.5185767734992055,3.0408111201388976
1989-04-01,9846.293,123.63333333333333,9.726666666666667,1.5933333333333335,3.0408111201388976,6.4140523652216785,2.952022606835669
1989-07-01,9919.228,124.60000000000001,9.083333333333334,1.78,2.952022606835669,3.115364210366778,0.7871492083843634
1989-10-01,9938.767,125.86666666666667,8.613333333333333,1.9066666666666665,0.7871492083843634,4.045815699953437,4.3478129848367075
1990-01-01,10047.386,128.03333333333333,8.25,1.6733333333333331,4.3478129848367075,6.82700043220521,1.4492515347356516
1990-04-01,10083.855,129.29999999999998,8.243333333333332,1.6333333333333335,1.4492515347356516,3.9378556376249207,0.26623809424677347
1990-07-01,10090.569,131.53333333333333,8.16,1.7133333333333332,0.26623809424677347,6.850007657037338,-3.658296259228422
1990-10-01,9998.704,133.76666666666665,7.743333333333332,2.1999999999999997,-3.658296259228422,6.734673473742703,-1.8761556594029116
1991-01-01,9951.916,134.76666666666668,6.426666666666667,2.186666666666667,-1.8761556594029116,2.979159749541438,3.1066607576249794
1991-04-01,10029.51,135.56666666666666,5.863333333333333,1.79,3.1066607576249794,2.3674545065816233,2.016344141362225
1991-07-01,10080.195,136.6,5.6433333333333335,1.7433333333333334,2.016344141362225,3.03736915664814,1.3917553392431614
1991-10-01,10115.329,137.73333333333332,4.816666666666666,2.0533333333333332,1.3917553392431614,3.3050005762735424,4.760567368570179
1992-01-01,10236.435,138.66666666666666,4.023333333333333,1.9000000000000001,4.760567368570179,2.701409206311922,4.31386743708444
1992-04-01,10347.429,139.73333333333332,3.7699999999999996,1.7533333333333332,4.31386743708444,3.065149098227593,3.9330411994981773
1992-07-01,10449.673,140.79999999999998,3.2566666666666664,2.0866666666666664,3.9330411994981773,3.0418397540877606,4.149821489325944
1992-10-01,10558.648,142.03333333333333,3.0366666666666666,2.1266666666666665,4.149821489325944,3.4885312455259054,0.6672181048244852
1993-01-01,10576.275,143.0666666666667,3.0399999999999996,2.123333333333333,0.6672181048244852,2.8995801002711374,2.32193150936979
1993-04-01,10637.847,144.1,3.0,2.15,2.32193150936979,2.8787123668166714,1.9040801899045334
1993-07-01,10688.606,144.76666666666668,3.06,2.0066666666666664,1.9040801899045334,1.8462991468762624,5.4039292080304335
1993-10-01,10833.987,145.96666666666667,2.99,1.9466666666666665,5.4039292080304335,3.3020137066305466,3.862740813035259
1994-01-01,10939.116,146.70000000000002,3.2133333333333334,1.78,3.862740813035259,2.004560003877387,5.384328630134405
1994-04-01,11087.361,147.53333333333333,3.94,1.5133333333333334,5.384328630134405,2.265781519961152,2.3315299597626904
1994-07-01,11152.176,148.9,4.486666666666667,1.5066666666666666,2.3315299597626904,3.688320296449632,4.556232746715239
1994-10-01,11279.932,149.76666666666668,5.166666666666667,1.37,4.556232746715239,2.321435087216628,1.4166105843251842
1995-01-01,11319.951,150.86666666666667,5.81,1.3933333333333333,1.4166105843251842,2.927166849329055,1.1915149860357133
1995-04-01,11353.721,152.1,6.02,1.6133333333333333,1.1915149860357133,3.2567018935676373,3.3885089042826166
1995-07-01,11450.31,152.86666666666667,5.796666666666667,1.7299999999999998,3.3885089042826166,2.0111529961791774,2.7071466987720783
1995-10-01,11528.067,153.70000000000002,5.72,1.7466666666666668,2.7071466987720783,2.1746275155422268,2.985034692400035
1996-01-01,11614.418,155.06666666666666,5.363333333333333,1.8,2.985034692400035,3.540992572739654,6.616746723562983
1996-04-01,11808.14,156.4,5.243333333333333,1.5766666666666669,6.616746723562983,3.4246784539245567,3.5721371730851104
1996-07-01,11914.063,157.29999999999998,5.306666666666667,1.5133333333333334,3.5721371730851104,2.2951927812083994,4.132062019747451
1996-10-01,12037.775,158.66666666666666,5.28,1.5733333333333335,4.132062019747451,3.460302199631471,2.5734765352304123
1997-01-01,12115.472,159.63333333333333,5.276666666666666,1.5066666666666666,2.5734765352304123,2.429581246857282,6.606020401069657
1997-04-01,12317.221,160.0,5.523333333333333,1.49,6.606020401069657,0.917718621349195,4.963354527751562
1997-07-01,12471.01,160.79999999999998,5.533333333333334,1.5133333333333334,4.963354527751562,1.995016604415767,3.4009420197484985
1997-10-01,12577.495,161.66666666666666,5.506666666666667,1.53,3.4009420197484985,2.1500982098029198,3.9949959545403146
1998-01-01,12703.742,162.0,5.52,1.6666666666666667,3.9949959545403146,0.8238931852041276,3.685718592768694
1998-04-01,12821.339,162.53333333333333,5.5,1.6566666666666665,3.685718592768694,1.3147094826493344,5.004326030774564
1998-07-01,12982.752,163.36666666666667,5.533333333333334,1.9233333333333331,5.004326030774564,2.045621723354074,6.385544996209802
1998-10-01,13191.67,164.13333333333333,4.86,2.58,6.385544996209802,1.8727769579186315,3.740194050978829
1999-01-01,13315.597,164.73333333333332,4.733333333333333,2.42,3.740194050978829,1.4595596976842984,3.325112739828029
1999-04-01,13426.748,165.96666666666667,4.746666666666667,2.1999999999999997,3.325112739828029,2.9835840374509814,5.268681314312573
1999-07-01,13604.771,167.20000000000002,5.093333333333334,2.216666666666667,5.268681314312573,2.961494268229714,6.509414268426639
1999-10-01,13827.98,168.43333333333334,5.306666666666667,2.1,6.509414268426639,2.9397291916609447,1.448547603220618
2000-01-01,13878.147,170.1,5.676666666666667,1.8499999999999999,1.448547603220618,3.9385903088248853,7.219604137991809
2000-04-01,14130.908,171.4333333333333,6.273333333333333,2.4166666666666665,7.219604137991809,3.1231858843778326,0.40752268148693815
2000-07-01,14145.312,173.0,6.52,2.4266666666666663,0.40752268148693815,3.638852154007566,2.381054313956099
2000-10-01,14229.765,174.23333333333335,6.473333333333334,2.6466666666666665,2.381054313956099,2.8415210211949926,-1.3133489796572917
2001-01-01,14183.12,175.9,5.593333333333334,2.83,-1.3133489796572917,3.8081018770981245,2.4902439659086895
2001-04-01,14271.694,177.13333333333333,4.326666666666667,2.766666666666667,2.4902439659086895,2.7948371656364657,-1.605775616727101
2001-07-01,14214.516,177.63333333333333,3.4966666666666666,2.97,-1.605775616727101,1.127502390809454,1.0975945209430904
2001-10-01,14253.574,177.5,2.1333333333333333,3.1533333333333338,1.0975945209430904,-0.30035668766252854,3.331522227558281
2002-01-01,14372.785,178.0666666666667,1.7333333333333334,2.8800000000000003,3.331522227558281,1.27496123691202,2.443348677388002
2002-04-01,14460.848,179.46666666666667,1.75,2.9233333333333333,2.443348677388002,3.1325910618630104,1.6227496189515023
2002-07-01,14519.633,180.4333333333333,1.74,3.3666666666666667,1.6227496189515023,2.1487501889655647,0.494114897589526
2002-10-01,14537.58,181.5,1.4433333333333334,3.5933333333333333,0.494114897589526,2.3577154280332024,2.1010403063399963
2003-01-01,14614.141,183.36666666666667,1.25,3.1999999999999997,2.1010403063399963,4.092855003359119,3.52689218114719
2003-04-01,14743.567,183.0666666666667,1.2466666666666668,2.8533333333333335,3.52689218114719,-0.6549623950384387,6.598081034377401
2003-07-01,14988.782,184.4333333333333,1.0166666666666666,2.5733333333333337,6.598081034377401,2.9750704040989007,4.616146818960942
2003-10-01,15162.76,185.13333333333333,0.9966666666666667,2.3766666666666665,4.616146818960942,1.515289987454338,2.260208095560756
2004-01-01,15248.68,186.70000000000002,1.0033333333333332,2.2533333333333334,2.260208095560756,3.3707057372350135,3.087859967576634
2004-04-01,15366.85,188.16666666666666,1.01,2.063333333333333,3.087859967576634,3.130017749571934,3.7764919540684616
2004-07-01,15512.619,189.36666666666667,1.4333333333333333,2.146666666666667,3.7764919540684616,2.542830389345596,4.060156528453263
2004-10-01,15670.88,191.4,1.95,2.013333333333333,4.060156528453263,4.272123249553061,4.413020211694629
2005-01-01,15844.727,192.36666666666667,2.47,1.67,4.413020211694629,2.0151176119828307,1.965660123449453
2005-04-01,15922.782,193.66666666666666,2.9433333333333334,1.8133333333333335,1.965660123449453,2.694078053996307,3.1230326804525532
2005-07-01,16047.587,196.6,3.4599999999999995,1.7666666666666666,3.1230326804525532,6.013095811705682,2.215916948830454
2005-10-01,16136.734,198.4333333333333,3.98,1.8466666666666667,2.215916948830454,3.7127935112675203,5.345655379085201
2006-01-01,16353.835,199.46666666666667,4.456666666666667,1.7366666666666666,5.345655379085201,2.0775786003692787,1.0336742995598058
2006-04-01,16396.151,201.26666666666665,4.906666666666667,1.6666666666666667,1.0336742995598058,3.5934362449882684,0.5993744160321057
2006-07-01,16420.738,203.16666666666666,5.246666666666667,1.6966666666666665,0.5993744160321057,3.7583726594352385,3.423110226166415
2006-10-01,16561.866,202.33333333333334,5.246666666666667,1.6500000000000001,3.423110226166415,-1.6440631447313336,1.2015362468524415
2007-01-01,16611.69,204.317,5.256666666666667,1.6166666666666665,1.2015362468524415,3.9024827738465717,2.439593165872367
2007-04-01,16713.314,206.631,5.25,1.6466666666666665,2.439593165872367,4.5047538024434175,2.2974924437228594
2007-07-01,16809.587,207.939,5.073333333333333,1.8999999999999997,2.2974924437228594,2.524069450641875,2.5050862048779265
2007-10-01,16915.191,210.4896666666667,4.496666666666667,2.25,2.5050862048779265,4.876717995709612,-1.7107102360128579
2008-01-01,16843.003,212.76966666666667,3.1766666666666663,3.0866666666666664,-1.7107102360128579,4.309456399802514,2.3746503725263324
2008-04-01,16943.291,215.5376666666667,2.0866666666666664,3.1033333333333335,2.3746503725263324,5.170191255639978,-2.1065695211134994
2008-07-01,16854.295,218.861,1.9400000000000002,3.3433333333333333,-2.1065695211134994,6.120457409684477,-8.853365095794175
2008-10-01,16485.35,213.84866666666667,0.5066666666666667,5.586666666666666,-8.853365095794175,-9.267290142872397,-4.565452543960902
2009-01-01,16298.262,212.37766666666667,0.18333333333333335,5.476666666666667,-4.565452543960902,-2.7609853738539414,-0.715242887051204
2009-04-01,16269.145,213.50699999999998,0.18000000000000002,4.67,-0.715242887051204,2.1213930789812707,1.402308618855841
2009-07-01,16326.281,215.34399999999997,0.15666666666666665,3.143333333333333,1.402308618855841,3.426852189965146,4.300454151697863
2009-10-01,16502.754,217.03,0.12,2.8666666666666667,4.300454151697863,3.1195373366138313,1.933324088271604
2010-01-01,16582.71,217.37400000000002,0.13333333333333333,2.57,1.933324088271604,0.6335117943780944,3.8517399290434184
2010-04-01,16743.162,217.29733333333334,0.19333333333333336,2.686666666666666,3.8517399290434184,-0.1411027810345189,3.072509082001318
2010-07-01,16872.266,217.93433333333334,0.18666666666666668,2.9899999999999998,3.072509082001318,1.1708715217650933,2.094945457780284
2010-10-01,16960.864,219.69899999999998,0.18666666666666668,3.0500000000000003,2.094945457780284,3.2258534192731503,-0.9499466944198787
2011-01-01,16920.632,222.04366666666667,0.15666666666666668,2.6300000000000003,-0.9499466944198787,4.246252603147482,2.697214987466623
2011-04-01,17035.114,224.56833333333336,0.09333333333333334,2.64,2.697214987466623,4.522392698120115,-0.0892609023139812
2011-07-01,17031.313,226.03266666666664,0.08333333333333333,3.0366666666666666,-0.0892609023139812,2.5997962511315365,4.467158724585829
2011-10-01,17222.583,227.04733333333334,0.07333333333333335,3.206666666666667,4.467158724585829,1.7915924127450467,3.340376727516059
2012-01-01,17367.01,228.32600000000002,0.10333333333333333,3.1633333333333336,3.340376727516059,2.2463678633322104,1.7813665065290252
2012-04-01,17444.525,228.808,0.15333333333333335,3.27,1.7813665065290252,0.8435166557223539,0.5756975059448166
2012-07-01,17469.65,229.841,0.14333333333333334,3.23,0.5756975059448166,1.801816633996367,0.46229496630019185
2012-10-01,17489.852,231.36933333333332,0.16,2.8666666666666667,0.46229496630019185,2.6510055253705644,3.926903706206275
2013-01-01,17662.4,232.29933333333335,0.14333333333333334,2.86,3.926903706206275,1.6045962369119593,1.0691153060548686
2013-04-01,17709.671,232.045,0.11666666666666665,2.84,1.0691153060548686,-0.4381806181481096,3.3911586209988798
2013-07-01,17860.45,233.29999999999998,0.08333333333333333,2.6933333333333334,3.3911586209988798,2.1575442610846096,3.47185609530527
2013-10-01,18016.147,234.1626666666667,0.08666666666666667,2.61,3.47185609530527,1.476340606390636,-1.3827712598640574
2014-01-01,17953.974,235.621,0.07333333333333335,2.3533333333333335,-1.3827712598640574,2.483420554998972,5.1342760916597285
2014-04-01,18185.911,236.87233333333333,0.09333333333333334,2.1966666666666668,5.1342760916597285,2.118694458709669,4.832259330312638
2014-07-01,18406.941,237.47833333333332,0.09000000000000001,2.2433333333333336,4.832259330312638,1.0220292661418995,2.0178344061733355
2014-10-01,18500.031,236.88833333333332,0.09999999999999999,2.46,2.0178344061733355,-0.9950114047924785,3.5858191507699644
2015-01-01,18666.621,235.35500000000002,0.11,2.533333333333333,3.5858191507699644,-2.5975400620808387,2.469978633014591
2015-04-01,18782.243,236.96,0.12333333333333334,2.6666666666666665,2.469978633014591,2.718535177474024,1.5977848462760846
2015-07-01,18857.418,237.855,0.1366666666666667,3.0233333333333334,1.5977848462760846,1.507957516060543,0.7372366908420247
2015-10-01,18892.206,237.837,0.16,3.2300000000000004,0.7372366908420247,-0.03027168841782668,2.311386607388499
2016-01-01,19001.69,237.68933333333334,0.36000000000000004,3.3866666666666667,2.311386607388499,-0.2484264883975129,1.2824382650691746
2016-04-01,19062.709,239.59033333333332,0.37333333333333335,2.9133333333333336,1.2824382650691746,3.1864086161334626,2.827543676441735
2016-07-01,19197.938,240.60733333333334,0.39666666666666667,2.6933333333333334,2.827543676441735,1.694304810127889,2.2110741144842905
2016-10-01,19304.352,242.13466666666667,0.45,2.51,2.2110741144842905,2.5311051113948935,1.9428349324144278
2017-01-01,19398.343,243.83866666666665,0.7000000000000001,2.216666666666667,1.9428349324144278,2.8051036820389896,2.233244405191215
2017-04-01,19506.949,244.12,0.9500000000000001,2.2333333333333334,2.233244405191215,0.46124130378188966,3.141726102739284
2017-07-01,19660.766,245.287,1.1533333333333333,2.09,3.141726102739284,1.9076183411083747,4.48297110775755
2017-10-01,19882.352,247.23833333333334,1.2033333333333334,1.9000000000000001,4.48297110775755,3.1695320604018917,3.2404778196678308
2018-01-01,20044.077,249.3216666666667,1.4466666666666665,1.71,3.2404778196678308,3.3564452350773877,2.11768492150739
2018-04-01,20150.476,250.679,1.7366666666666666,1.8566666666666667,2.11768492150739,2.1717357724963193,2.487041930090328
2018-07-01,20276.154,251.68633333333332,1.9233333333333331,1.8866666666666667,2.487041930090328,1.6041468096236855,0.5661759932735322
2018-10-01,20304.874,252.711,2.22,2.106666666666667,0.5661759932735322,1.625176040404952,2.4895091629069555
2019-01-01,20431.641,253.38566666666665,2.4033333333333333,2.316666666666667,2.4895091629069555,1.0664635604268113,3.326711173158259
2019-04-01,20602.275,255.24733333333333,2.3966666666666665,2.263333333333333,3.326711173158259,2.928122996457816,4.6528410323638525
2019-07-01,20843.322,256.08933333333334,2.19,2.223333333333333,4.6528410323638525,1.3173328899238612,2.7182543872214637
2019-10-01,20985.448,257.888,1.6433333333333333,2.1199999999999997,2.7182543872214637,2.7996160804011794,-5.300247883186415
2020-01-01,20709.212,258.81766666666664,1.26,2.513333333333333,-5.300247883186415,1.4393767745339403,-32.81728241610793
2020-04-01,19077.992,256.292,0.06,3.22,-32.81728241610793,-3.9225618469320267,29.902998544979198
2020-07-01,20558.879,259.22166666666664,0.09333333333333334,2.6633333333333336,29.902998544979198,4.54645282339996,4.508555862817332
2020-10-01,20791.917,261.0916666666667,0.09000000000000001,2.436666666666667,4.508555862817332,2.875202969755364,5.544658613895592
2021-01-01,21082.134,263.74233333333336,0.08,2.15,5.544658613895592,4.040422997325166,6.750285416705282
2021-04-01,21440.929,268.5503333333333,0.07,1.9633333333333332,6.750285416705282,7.226296458871317,3.2866716567674814
2021-07-01,21617.828,272.8296666666667,0.09000000000000001,1.9133333333333333,3.2866716567674814,6.323724500082406,6.804809235885756
2021-10-01,21988.737,278.77133333333336,0.08,1.7766666666666666,6.804809235885756,8.617673259488967,-1.0204951651815009
2022-01-01,21932.71,284.90566666666666,0.12,2.006666666666667,-1.0204951651815009,8.706511737014111,0.6256983803410776
2022-04-01,21967.045,291.60533333333336,0.77,2.0866666666666664,0.6256983803410776,9.297263414451962,2.877225330117028
2022-07-01,22125.625,295.453,2.19,2.2433333333333336,2.877225330117028,5.243392752169029,2.7514765401292607
2022-10-01,22278.345,298.5416666666667,3.653333333333333,2.143333333333333,2.7514765401292607,4.159895268730196,2.884974679699326
2023-01-01,22439.607,301.23033333333336,4.516666666666667,1.9533333333333331,2.884974679699326,3.5862756874692536,2.503636219206129
2023-04-01,22580.499,303.3976666666667,4.989999999999999,2.09,2.503636219206129,2.8676708537652473,4.5880109584366835
2023-07-01,22840.989,305.989,5.260000000000001,1.8233333333333335,4.5880109584366835,3.401910930566032,3.3620596105876643
2023-10-01,23033.78,308.195,5.33,1.7466666666666668,3.3620596105876643,2.8734183715688033,0.8385657658578793
2024-01-01,23082.119,311.00333333333333,5.33,1.5733333333333335,0.8385657658578793,3.6283722850630085,3.5263554170946065
2024-04-01,23286.508,313.0806666666667,5.33,1.4799999999999998,3.5263554170946065,2.662899232065996,3.2855812596196188
2024-07-01,23478.57,314.12100000000004,5.263333333333333,1.6733333333333331,3.2855812596196188,1.3269534731151111,1.8352819713321367
2024-10-01,23586.542,316.5876666666666,4.6499999999999995,1.4533333333333331,1.8352819713321367,3.128771648067996,-0.6505944225686733
