date,real_gdp,gdp_growth,inflation,policy_rate
1961-01-01,3493.703,2.69099968535258,0.8050992318789696,2.0033333333333334
1961-04-01,3553.021,6.7344089130905616,-0.1340707235613081,1.7333333333333334
1961-07-01,3621.252,7.608637950862374,1.5613692941684576,1.6833333333333331
1961-10-01,3692.289,7.770707414716327,0.5783883995357897,2.4
1962-01-01,3758.147,7.071770337623207,1.553055364951739,2.4566666666666666
1962-04-01,3792.149,3.602744036864891,1.5029302685185542,2.606666666666667
1962-07-01,3838.776,4.888275567318345,1.1455013886557452,2.8466666666666662
1962-10-01,3851.421,1.315442129373423,0.966714740557606,2.9233333333333333
1963-01-01,3893.482,4.3446807291850575,1.2707465362394643,2.966666666666667
1963-04-01,3937.183,4.464648015941464,0.7430478014997632,2.9633333333333334
1963-07-01,4023.755,8.70002131109402,2.437970106998577,3.33
1963-10-01,4050.147,2.615052201603163,1.083600380947125,3.453333333333333
1964-01-01,4135.553,8.347151669722308,1.6414709860557153,3.4633333333333334
1964-04-01,4180.592,4.332722948976198,0.6460993166976792,3.49
1964-07-01,4245.918,6.202074999144003,0.902789356306144,3.456666666666667
1964-10-01,4259.046,1.2348562958102605,1.8422353561890148,3.5766666666666667
1965-01-01,4362.111,9.564369183250676,1.2376643643321472,3.9766666666666666
1965-04-01,4417.225,5.022222548175392,2.5485909728569567,4.079999999999999
1965-07-01,4515.427,8.79523406872309,1.1838080725970812,4.076666666666667
1965-10-01,4619.458,9.11105046148606,2.1052680177099603,4.166666666666667
1966-01-01,4731.888,9.61875800108487,3.7201793836015193,4.56
1966-04-01,4748.046,1.363555117326598,3.603441402951191,4.913333333333333
1966-07-01,4788.254,3.373068235302412,3.448651147557236,5.41
1966-10-01,4827.537,3.2682256540745414,3.257015450615519,5.5633333333333335
1967-01-01,4870.299,3.527572719993799,1.0124024640168372,4.823333333333333
1967-04-01,4873.287,0.2453306282646394,2.419362214352283,3.99
1967-07-01,4919.392,3.7665150191052983,4.000033333833386,3.893333333333333
1967-10-01,4956.477,3.004104190667789,4.354323058100462,4.173333333333333
1968-01-01,5057.553,8.075025352778908,3.9177590369149584,4.79
1968-04-01,5142.033,6.626302827451269,3.879758835485525,5.983333333333333
1968-07-01,5181.859,3.086138255497417,5.369208132856151,5.946666666666666
1968-10-01,5202.212,1.568019021696898,4.921974076151514,5.916666666666667
1969-01-01,5283.597,6.209278408137919,4.862144951912839,6.566666666666666
1969-04-01,5299.625,1.2115790260551762,6.270298981923439,8.326666666666666
1969-07-01,5334.6,2.631136814059687,5.452151652276349,8.983333333333333
1969-10-01,5308.556,-1.9576187351304952,6.090578932516522,8.94
1970-01-01,5300.652,-0.5960106701543566,6.349339662516051,8.573333333333332
1970-04-01,5308.164,0.5664723569900332,5.560471817976342,7.886666666666667
1970-07-01,5357.077,3.6689911039523793,4.120208103186229,6.706666666666667
1970-10-01,5299.672,-4.30942346463965,5.765254529949182,5.566666666666666
1971-01-01,5443.619,10.719666073861587,3.3529115011218025,3.856666666666667
1971-04-01,5473.059,2.1574381048573343,3.6560287757593457,4.566666666666666
1971-07-01,5518.072,3.2763326473940424,3.950649398364625,5.476666666666667
1971-10-01,5531.032,0.9383570608775926,2.9375897023035336,4.75
1972-01-01,5632.649,7.282172009495014,3.238884093047645,3.546666666666667
1972-04-01,5760.47,8.975688803752035,2.5723561321163047,4.3
1972-07-01,5814.854,3.758643829450392,3.19235533240505,4.743333333333333
1972-10-01,5912.22,6.642286891205629,4.112333571627325,5.1466666666666665
1973-01-01,6058.544,9.779244713601544,6.245247862875303,6.536666666666666
1973-04-01,6124.506,4.33143717205553,8.279329686324033,7.816666666666666
1973-07-01,6092.301,-2.108902897416698,7.813922408256957,10.56
1973-10-01,6150.131,3.779015812473574,9.99317219620366,9.996666666666666
1974-01-01,6097.258,-3.4536881924509544,11.727690234575403,9.323333333333332
1974-04-01,6111.751,0.9496598328389894,10.570851614064836,11.25
1974-07-01,6053.978,-3.799093949455568,11.100543152784148,12.089999999999998
1974-10-01,6030.464,-1.556648105128744,12.098226603022688,9.346666666666666
1975-01-01,5957.035,-4.900432919654918,8.459142551326693,6.303333333333334
1975-04-01,5999.61,2.8486372182065622,4.790476418686218,5.419999999999999
1975-07-01,6102.326,6.790217143386457,7.940707421092696,6.16
1975-10-01,6184.53,5.352401073600532,7.303915653101711,5.413333333333334
1976-01-01,6323.649,8.898160921062015,4.557770451187437,4.826666666666667
1976-04-01,6370.025,2.922791705026384,3.5619113371840427,5.196666666666666
1976-07-01,6404.895,2.183659019419082,6.332586086672265,5.283333333333333
1976-10-01,6451.177,2.880021203429095,5.775439634430057,4.873333333333334
1977-01-01,6527.703,4.717010209206052,7.272927633276183,4.66
1977-04-01,6654.466,7.693235161446665,6.921746816045271,5.156666666666666
1977-07-01,6774.457,7.148403098157274,5.4961018567389885,5.82
1977-10-01,6774.592,0.0079710391482024,5.8521769949472,6.513333333333333
1978-01-01,6796.26,1.277326930564726,6.826832374805392,6.756666666666667
1978-04-01,7058.92,15.167841769011403,8.993842941913144,7.283333333333334
1978-07-01,7129.915,4.002899038963648,9.20050783573032,8.1
1978-10-01,7225.75,5.340688777143043,9.19121357522954,9.583333333333334
1979-01-01,7238.727,0.7177309477135907,9.949305898055982,10.073333333333332
1979-04-01,7246.454,0.4267534238159953,12.518802688765618,10.18
1979-07-01,7300.281,2.960237918395592,12.68197193990126,10.946666666666667
1979-10-01,7318.535,0.9989323068019472,12.467616570776483,13.576666666666666
1980-01-01,7341.557,1.2563096561727605,15.479145512406944,15.046666666666669
1980-04-01,7190.289,-8.327831932629692,13.273718985082894,12.686666666666667
1980-07-01,7181.743,-0.4757017522493356,7.437562700664202,9.836666666666666
1980-10-01,7315.677,7.390987394368409,11.05915623654674,15.853333333333332
1981-01-01,7459.022,7.761890672144034,10.913260962448136,16.569999999999997
1981-04-01,7403.745,-2.975341260138009,8.25390381373552,17.78
1981-07-01,7492.405,4.761555002768603,10.987689570384518,17.576666666666664
1981-10-01,7410.768,-4.382305248093132,6.450596700918609,13.586666666666666
1982-01-01,7295.631,-6.263360730763168,3.5392196920525976,14.226666666666668
1982-04-01,7328.912,1.8205591765521945,5.737373156874881,14.513333333333334
1982-07-01,7300.896,-1.53199737122236,6.887222486223266,11.006666666666666
1982-10-01,7303.817,0.1600031463240725,1.2272039624356523,9.286666666666669
1983-01-01,7400.066,5.236732349996487,0.2722014395619254,8.653333333333334
1983-04-01,7568.456,9.000065817965464,4.599306674948878,8.803333333333335
1983-07-01,7719.746,7.916951322731336,3.8815763852923615,9.46
1983-10-01,7880.794,8.258879309601497,3.976175882100108,9.43
1984-01-01,8034.847,7.743718840227842,5.631129174781435,9.686666666666667
1984-04-01,8173.67,6.852022040238381,3.753465496817654,10.556666666666668
1984-07-01,8252.465,3.837572472394868,3.463225097246081,11.39
1984-10-01,8320.199,3.269691687656717,3.4334974765563686,9.266666666666667
1985-01-01,8400.82,3.85725892645894,3.655295643208234,8.476666666666667
1985-04-01,8474.787,3.50648002994447,3.622194931568501,7.923333333333333
1985-07-01,8604.22,6.062904149531079,2.479090674886919,7.899999999999999
1985-10-01,8668.188,2.962796731476658,4.057203986021918,8.103333333333333
1986-01-01,8749.127,3.7176606214451615,2.07412390916808,7.826666666666667
1986-04-01,8788.524,1.7971422180302454,-1.9518184503340308,6.919999999999999
1986-07-01,8872.601,3.808483781401151,2.43828856198256,6.206666666666666
1986-10-01,8920.193,2.139837666846489,2.785779617267181,6.266666666666667
1987-01-01,8986.367,2.9564271974166445,4.799097758658277,6.22
1987-04-01,9083.256,4.2896270082984245,4.506421811455752,6.65
1987-07-01,9162.024,3.4537585332302,4.222913122350747,6.843333333333334
1987-10-01,9319.332,6.809534933022832,3.716635333639928,6.916666666666667
1988-01-01,9367.502,2.0622051523012885,3.1092714495525087,6.663333333333334
1988-04-01,9490.594,5.2218950702098255,4.5623534241602925,7.156666666666666
1988-07-01,9546.206,2.3370380819102365,4.847177815053172,7.983333333333333
1988-10-01,9673.405,5.294627749614023,4.346051947641527,8.47
1989-01-01,9771.725,4.045057570484545,4.5185767734992055,9.443333333333332
1989-04-01,9846.293,3.0408111201388976,6.414052365221679,9.726666666666668
1989-07-01,9919.228,2.952022606835669,3.115364210366778,9.083333333333334
1989-10-01,9938.767,0.7871492083843634,4.045815699953437,8.613333333333333
1990-01-01,10047.386,4.347812984836708,6.82700043220521,8.25
1990-04-01,10083.855,1.4492515347356516,3.9378556376249207,8.243333333333332
1990-07-01,10090.569,0.2662380942467734,6.850007657037338,8.16
1990-10-01,9998.704,-3.658296259228422,6.734673473742703,7.743333333333332
1991-01-01,9951.916,-1.876155659402912,2.979159749541438,6.426666666666667
1991-04-01,10029.51,3.1066607576249794,2.3674545065816237,5.863333333333333
1991-07-01,10080.195,2.016344141362225,3.03736915664814,5.6433333333333335
1991-10-01,10115.329,1.3917553392431614,3.3050005762735424,4.816666666666666
1992-01-01,10236.435,4.760567368570179,2.701409206311922,4.023333333333333
1992-04-01,10347.429,4.31386743708444,3.065149098227593,3.77
1992-07-01,10449.673,3.933041199498177,3.0418397540877606,3.2566666666666664
1992-10-01,10558.648,4.149821489325944,3.488531245525905,3.036666666666666
1993-01-01,10576.275,0.6672181048244852,2.899580100271137,3.04
1993-04-01,10637.847,2.32193150936979,2.8787123668166714,3.0
1993-07-01,10688.606,1.9040801899045332,1.8462991468762624,3.06
1993-10-01,10833.987,5.4039292080304335,3.3020137066305466,2.99
1994-01-01,10939.116,3.862740813035259,2.004560003877387,3.2133333333333334
1994-04-01,11087.361,5.384328630134405,2.265781519961152,3.94
1994-07-01,11152.176,2.3315299597626904,3.688320296449632,4.486666666666667
1994-10-01,11279.932,4.556232746715239,2.321435087216628,5.166666666666667
1995-01-01,11319.951,1.4166105843251842,2.927166849329055,5.81
1995-04-01,11353.721,1.1915149860357133,3.2567018935676373,6.02
1995-07-01,11450.31,3.3885089042826166,2.0111529961791774,5.796666666666667
1995-10-01,11528.067,2.7071466987720783,2.1746275155422268,5.72
1996-01-01,11614.418,2.985034692400035,3.540992572739654,5.363333333333333
1996-04-01,11808.14,6.616746723562983,3.4246784539245567,5.243333333333333
1996-07-01,11914.063,3.5721371730851104,2.2951927812083994,5.306666666666667
1996-10-01,12037.775,4.132062019747451,3.460302199631471,5.28
1997-01-01,12115.472,2.5734765352304123,2.429581246857282,5.276666666666666
1997-04-01,12317.221,6.606020401069657,0.917718621349195,5.523333333333333
1997-07-01,12471.01,4.963354527751562,1.995016604415767,5.533333333333334
1997-10-01,12577.495,3.4009420197484985,2.15009820980292,5.506666666666667
1998-01-01,12703.742,3.994995954540314,0.8238931852041276,5.52
1998-04-01,12821.339,3.685718592768694,1.3147094826493344,5.5
1998-07-01,12982.752,5.004326030774564,2.045621723354074,5.533333333333334
1998-10-01,13191.67,6.385544996209802,1.8727769579186315,4.86
1999-01-01,13315.597,3.740194050978829,1.4595596976842984,4.733333333333333
1999-04-01,13426.748,3.325112739828029,2.983584037450981,4.746666666666667
1999-07-01,13604.771,5.268681314312573,2.961494268229714,5.093333333333334
1999-10-01,13827.98,6.509414268426639,2.9397291916609447,5.306666666666667
2000-01-01,13878.147,1.448547603220618,3.938590308824885,5.676666666666667
2000-04-01,14130.908,7.219604137991809,3.1231858843778326,6.273333333333333
2000-07-01,14145.312,0.4075226814869381,3.638852154007566,6.52
2000-10-01,14229.765,2.381054313956099,2.8415210211949926,6.473333333333334
2001-01-01,14183.12,-1.3133489796572917,3.808101877098125,5.593333333333334
2001-04-01,14271.694,2.490243965908689,2.7948371656364657,4.326666666666667
2001-07-01,14214.516,-1.605775616727101,1.127502390809454,3.4966666666666666
2001-10-01,14253.574,1.0975945209430904,-0.3003566876625285,2.1333333333333333
2002-01-01,14372.785,3.331522227558281,1.27496123691202,1.7333333333333334
2002-04-01,14460.848,2.443348677388002,3.1325910618630104,1.75
2002-07-01,14519.633,1.6227496189515025,2.1487501889655647,1.74
2002-10-01,14537.58,0.494114897589526,2.3577154280332024,1.4433333333333334
2003-01-01,14614.141,2.1010403063399963,4.092855003359119,1.25
2003-04-01,14743.567,3.52689218114719,-0.6549623950384387,1.2466666666666668
2003-07-01,14988.782,6.598081034377401,2.9750704040989007,1.0166666666666666
2003-10-01,15162.76,4.616146818960942,1.515289987454338,0.9966666666666668
2004-01-01,15248.68,2.260208095560756,3.370705737235013,1.0033333333333332
2004-04-01,15366.85,3.087859967576634,3.130017749571934,1.01
2004-07-01,15512.619,3.7764919540684616,2.542830389345596,1.4333333333333331
2004-10-01,15670.88,4.060156528453263,4.272123249553061,1.95
2005-01-01,15844.727,4.413020211694629,2.0151176119828307,2.47
2005-04-01,15922.782,1.965660123449453,2.694078053996307,2.9433333333333334
2005-07-01,16047.587,3.123032680452553,6.013095811705682,3.4599999999999995
2005-10-01,16136.734,2.215916948830454,3.71279351126752,3.98
2006-01-01,16353.835,5.345655379085201,2.0775786003692787,4.456666666666667
2006-04-01,16396.151,1.0336742995598058,3.5934362449882684,4.906666666666667
2006-07-01,16420.738,0.5993744160321057,3.7583726594352393,5.246666666666667
2006-10-01,16561.866,3.423110226166415,-1.6440631447313336,5.246666666666667
2007-01-01,16611.69,1.2015362468524415,3.902482773846572,5.256666666666667
2007-04-01,16713.314,2.439593165872367,4.5047538024434175,5.25
2007-07-01,16809.587,2.2974924437228594,2.524069450641875,5.073333333333333
2007-10-01,16915.191,2.5050862048779265,4.876717995709612,4.496666666666667
2008-01-01,16843.003,-1.710710236012858,4.309456399802514,3.1766666666666663
2008-04-01,16943.291,2.3746503725263324,5.170191255639978,2.0866666666666664
2008-07-01,16854.295,-2.1065695211135,6.120457409684477,1.94
2008-10-01,16485.35,-8.853365095794175,-9.267290142872396,0.5066666666666667
2009-01-01,16298.262,-4.565452543960902,-2.7609853738539414,0.1833333333333333
2009-04-01,16269.145,-0.715242887051204,2.1213930789812707,0.18
2009-07-01,16326.281,1.402308618855841,3.426852189965146,0.1566666666666666
2009-10-01,16502.754,4.300454151697863,3.1195373366138317,0.12
2010-01-01,16582.71,1.933324088271604,0.6335117943780944,0.1333333333333333
2010-04-01,16743.162,3.8517399290434176,-0.1411027810345189,0.1933333333333333
2010-07-01,16872.266,3.072509082001318,1.1708715217650931,0.1866666666666666
2010-10-01,16960.864,2.094945457780284,3.2258534192731503,0.1866666666666666
2011-01-01,16920.632,-0.9499466944198788,4.246252603147482,0.1566666666666666
2011-04-01,17035.114,2.697214987466623,4.522392698120115,0.0933333333333333
2011-07-01,17031.313,-0.0892609023139812,2.5997962511315365,0.0833333333333333
2011-10-01,17222.583,4.467158724585829,1.7915924127450469,0.0733333333333333
2012-01-01,17367.01,3.340376727516059,2.2463678633322104,0.1033333333333333
2012-04-01,17444.525,1.7813665065290252,0.8435166557223539,0.1533333333333333
2012-07-01,17469.65,0.5756975059448166,1.801816633996367,0.1433333333333333
2012-10-01,17489.852,0.4622949663001918,2.6510055253705644,0.16
2013-01-01,17662.4,3.926903706206275,1.6045962369119593,0.1433333333333333
2013-04-01,17709.671,1.0691153060548686,-0.4381806181481096,0.1166666666666666
2013-07-01,17860.45,3.39115862099888,2.1575442610846096,0.0833333333333333
2013-10-01,18016.147,3.47185609530527,1.476340606390636,0.0866666666666666
2014-01-01,17953.974,-1.3827712598640574,2.483420554998972,0.0733333333333333
2014-04-01,18185.911,5.1342760916597285,2.118694458709669,0.0933333333333333
2014-07-01,18406.941,4.832259330312638,1.0220292661418997,0.09
2014-10-01,18500.031,2.0178344061733355,-0.9950114047924784,0.0999999999999999
2015-01-01,18666.621,3.5858191507699644,-2.5975400620808387,0.11
2015-04-01,18782.243,2.469978633014591,2.718535177474024,0.1233333333333333
2015-07-01,18857.418,1.5977848462760846,1.507957516060543,0.1366666666666667
2015-10-01,18892.206,0.7372366908420247,-0.0302716884178266,0.16
2016-01-01,19001.69,2.311386607388499,-0.2484264883975129,0.36
2016-04-01,19062.709,1.2824382650691746,3.1864086161334626,0.3733333333333333
2016-07-01,19197.938,2.827543676441735,1.694304810127889,0.3966666666666666
2016-10-01,19304.352,2.2110741144842905,2.531105111394893,0.45
2017-01-01,19398.343,1.942834932414428,2.8051036820389896,0.7000000000000001
2017-04-01,19506.949,2.233244405191215,0.4612413037818896,0.95
2017-07-01,19660.766,3.141726102739284,1.9076183411083747,1.153333333333333
2017-10-01,19882.352,4.48297110775755,3.169532060401892,1.2033333333333334
2018-01-01,20044.077,3.2404778196678308,3.356445235077388,1.4466666666666663
2018-04-01,20150.476,2.11768492150739,2.1717357724963198,1.7366666666666666
2018-07-01,20276.154,2.487041930090328,1.6041468096236855,1.923333333333333
2018-10-01,20304.874,0.5661759932735322,1.625176040404952,2.22
2019-01-01,20431.641,2.4895091629069555,1.0664635604268111,2.4033333333333333
2019-04-01,20602.275,3.326711173158259,2.928122996457816,2.3966666666666665
2019-07-01,20843.322,4.6528410323638525,1.3173328899238612,2.19
2019-10-01,20985.448,2.718254387221464,2.79961608040118,1.643333333333333
2020-01-01,20709.212,-5.300247883186415,1.4393767745339403,1.26
2020-04-01,19077.992,-32.81728241610793,-3.9225618469320263,0.06
2020-07-01,20558.879,29.9029985449792,4.54645282339996,0.0933333333333333
2020-10-01,20791.917,4.508555862817332,2.875202969755364,0.09
2021-01-01,21082.134,5.544658613895592,4.040422997325166,0.08
2021-04-01,21440.929,6.750285416705282,7.226296458871317,0.07
2021-07-01,21617.828,3.2866716567674814,6.323724500082406,0.09
2021-10-01,21988.737,6.804809235885756,8.617673259488967,0.08
2022-01-01,21932.71,-1.0204951651815009,8.706511737014111,0.12
2022-04-01,21967.045,0.6256983803410776,9.297263414451962,0.77
2022-07-01,22125.625,2.877225330117028,5.243392752169029,2.19
2022-10-01,22278.345,2.7514765401292607,4.159895268730196,3.653333333333333
2023-01-01,22439.607,2.884974679699326,3.5862756874692536,4.516666666666667
2023-04-01,22580.499,2.503636219206129,2.8676708537652478,4.989999999999999
2023-07-01,22840.989,4.588010958436684,3.401910930566032,5.260000000000001
2023-10-01,23033.78,3.3620596105876643,2.8734183715688038,5.33
2024-01-01,23082.119,0.8385657658578793,3.628372285063009,5.33
2024-04-01,23286.508,3.5263554170946065,2.662899232065996,5.33
2024-07-01,23478.57,3.2855812596196188,1.3269534731151111,5.263333333333333
2024-10-01,23586.542,1.8352819713321369,3.128771648067996,4.65
